href,Topic ID,Date Posted,Total Comments,Total Interactions
https://linustechtips.com/topic/1531822-advice-about-motherboard/,1531822,"Sep 17, 2023, 03:25 PM",nan,1
https://linustechtips.com/topic/1531817-any-free-macos-executors/,1531817,"Sep 17, 2023, 01:49 PM",nan,8
https://linustechtips.com/topic/1531839-diagnosing-possible-gpu-failure/,1531839,"Sep 17, 2023, 04:55 PM",nan,0
https://linustechtips.com/topic/1531845-running-my-pc-in-another-room/,1531845,"Sep 17, 2023, 05:34 PM",nan,0
https://linustechtips.com/topic/1381504-community-standards-updated/,1381504,"Oct 16, 2021, 11:45 AM",nan,261
https://linustechtips.com/topic/1531726-your-car-is-watching-you-what-will-happen-when-dumb-cars-are-outlawed/,1531726,"Sep 16, 2023, 07:44 PM",nan,1
https://linustechtips.com/topic/1531850-27-inch-monitor-recommendations/,1531850,"Sep 17, 2023, 06:09 PM",nan,0
https://linustechtips.com/topic/1531381-tech-hording/,1531381,"Sep 14, 2023, 12:11 PM",nan,20
https://linustechtips.com/topic/1531843-cpu-cooler-advice-or-recommendation/,1531843,"Sep 17, 2023, 05:28 PM",nan,1
https://linustechtips.com/topic/1531848-my-acer-qg241y-monitor-does-not-work-with-my-ps4-or-the-bios-screen-of-my-computer/,1531848,"Sep 17, 2023, 05:49 PM",nan,0
https://linustechtips.com/topic/1531329-tv-vs-pc-monitor/,1531329,"Sep 14, 2023, 05:03 AM",nan,7
https://linustechtips.com/topic/1531695-wifi-repeater-or-better-solutions-looking-for-recommendations/,1531695,"Sep 16, 2023, 03:54 PM",nan,0
https://linustechtips.com/topic/1531849-ethernet-stuck-to-90-95-mbps/,1531849,"Sep 17, 2023, 06:04 PM",nan,2
https://linustechtips.com/topic/18688-show-off-your-latest-purchases/,18688,"Jan 07, 2013, 05:23 PM",nan,186
https://linustechtips.com/topic/1531838-videos-air-compressor-noise-reduction/,1531838,"Sep 17, 2023, 04:51 PM",nan,0
https://linustechtips.com/topic/1531662-upgrading-pc-to-ryzen-7-5800x/,1531662,"Sep 16, 2023, 12:16 PM",nan,1
https://linustechtips.com/topic/1531803-new-pc-build/,1531803,"Sep 17, 2023, 12:29 PM",nan,0
https://linustechtips.com/topic/1402214-gigabyte-laptop-usb-troublesweirdness/,1402214,"Jan 08, 2022, 12:38 PM",nan,1
https://linustechtips.com/topic/1531800-wan-show-16923/,1531800,"Sep 17, 2023, 11:10 AM",nan,3
https://linustechtips.com/topic/1531384-best-cpu-cooler-towerheatsink/,1531384,"Sep 14, 2023, 12:57 PM",nan,18
